[
    {
        "prefId": 123,
        "preferenceType": "FAVORITE",
        "preferenceName": "hari-2",
        "preferenceStatus": "ACTIVE",
        "userid": 11,
        "userPreferencesDataDto": [
            {
                "prefDataId": 1750,
                "prefId": 123,
                "prefKey": "transId",
                "prefValue": "123",
                "prefOrderPosition": ""
            },
            {
                "prefDataId": 1751,
                "prefId": 123,
                "prefKey": "subLOB",
                "prefValue": "CODE0",
                "prefOrderPosition": ""
            },
            {
                "prefDataId": 1752,
                "prefId": 123,
                "prefKey": "CP_ID",
                "prefValue": "",
                "prefOrderPosition": ""
            },
            {
                "prefDataId": 1753,
                "prefId": 123,
                "prefKey": "PARENT_NAME",
                "prefValue": "",
                "prefOrderPosition": ""
            },
            {
                "prefDataId": 1754,
                "prefId": 123,
                "prefKey": "CLIENT_ID",
                "prefValue": "",
                "prefOrderPosition": ""
            },
            {
                "prefDataId": 1755,
                "prefId": 123,
                "prefKey": "BROKER_ID",
                "prefValue": "123",
                "prefOrderPosition": ""
            },
            {
                "prefDataId": 1756,
                "prefId": 123,
                "prefKey": "APPROVAL_LEVEL",
                "prefValue": "CODE0",
                "prefOrderPosition": ""
            },
            {
                "prefDataId": 1757,
                "prefId": 123,
                "prefKey": "ACC_SYSTEM",
                "prefValue": "CODE0",
                "prefOrderPosition": ""
            },
            {
                "prefDataId": 1758,
                "prefId": 123,
                "prefKey": "CP_IND",
                "prefValue": "CODE0",
                "prefOrderPosition": ""
            }
        ]
    },
    {
        "prefId": 124,
        "preferenceType": "FAVORITE",
        "preferenceName": "hari-1",
        "preferenceStatus": "ACTIVE",
        "userid": 11,
        "userPreferencesDataDto": [
            {
                "prefDataId": 1759,
                "prefId": 124,
                "prefKey": "transId",
                "prefValue": "123",
                "prefOrderPosition": ""
            }
        ]
    },
    {
        "prefId": 125,
        "preferenceType": "FAVORITE",
        "preferenceName": "hari-3",
        "preferenceStatus": "ACTIVE",
        "userid": 11,
        "userPreferencesDataDto": [
            {
                "prefDataId": 1760,
                "prefId": 125,
                "prefKey": "transId",
                "prefValue": "123",
                "prefOrderPosition": ""
            },
            {
                "prefDataId": 1761,
                "prefId": 125,
                "prefKey": "accountId",
                "prefValue": "456",
                "prefOrderPosition": ""
            },
            {
                "prefDataId": 1762,
                "prefId": 125,
                "prefKey": "cpName",
                "prefValue": "siemens",
                "prefOrderPosition": ""
            }
        ]
    },
    {
        "prefId": 126,
        "preferenceType": "FAVORITE",
        "preferenceName": "Divya 1",
        "preferenceStatus": "ACTIVE",
        "userid": 11,
        "userPreferencesDataDto": []
    }
]