{
    "status": [
      {
        "id": 1,
        "name": "All",
        "code": "CODE0"
      },
      {
        "id": 2,
        "name": "Accepted By Client",
        "code": "CODE1"
      },
      {
        "id": 3,
        "name": "Additional Information Required",
        "code": "CODE2"
      },
      {
        "id": 4,
        "name": "Adjusted",
        "code": "CODE3"
      },
      {
        "id": 5,
        "name": "Amended",
        "code": "CODE4"
      },
      {
        "id": 6,
        "name": "Approval Process Cancelled",
        "code": "CODE5"
      },
      {
        "id": 2,
        "name": "Approval Request Refused",
        "code": "CODE6"
      },
      {
        "id": 3,
        "name": "Approval Requested",
        "code": "CODE7"
      },
      {
        "id": 4,
        "name": "Approved",
        "code": "CODE8"
      },
      {
        "id": 5,
        "name": "Approved and Moved To",
        "code": "CODE9"
      },
      {
        "id": 6,
        "name": "Approved And Next Level Approval Requested",
        "code": "CODE10"
      },
      {
        "id": 6,
        "name": "Cancelled",
        "code": "CODE11"
      }
    ],
    "cpCountry": [
      {
        "id": 1,
        "name": "All",
        "code": "CODE0"
      },
      {
        "id": 207,
        "name": "India",
        "code": "IN"
      },
      {
        "id": 338,
        "name": "United Kingdom",
        "code": "UK"
      },
      {
        "id": 339,
        "name": "United States (USA)",
        "code": "US"
      },
      {
        "id": 320,
        "name": "Switzerland",
        "code": "CH"
      }
    ],
    "srUnit": [
      {
        "id": 1,
        "name": "All",
        "code": "CODE0"
      },
      {
        "id": 2,
        "name": "Africa Property (123567899)",
        "code": "CODE1"
      },
      {
        "id": 3,
        "name": "APAC Casualty (1234567899)",
        "code": "CODE2"
      },
      {
        "id": 4,
        "name": "APAC DTF (1234567899)",
        "code": "CODE3"
      }
    ],
    "productOrganisation": [
      {
        "id": 1,
        "name": "All",
        "code": "CODE0"
      },
      {
        "id": 2,
        "name": "General Property (12345678)",
        "code": "CODE1"
      },
      {
        "id": 3,
        "name": "Large Lawyers (12345678)",
        "code": "CODE2"
      },
      {
        "id": 4,
        "name": "Agriculture (12345678)",
        "code": "CODE3"
      }
    ],
    "mainLOB": [
      {
        "id": 1,
        "name": "All",
        "code": "CODE0"
      },
      {
        "id": 6,
        "name": "Bank Trade Finance",
        "code": "CODE6"
      },
      {
        "id": 7,
        "name": "Commercial Credit & Surety Combined (added in Phase 1 of LOB Simplification)",
        "code": "CODE7"
      },
      {
        "id": 8,
        "name": "Contract Frustration (will be moved to Political Risk in Phase 2 of LOB Simplification)",
        "code": "CODE8"
      },
      {
        "id": 9,
        "name": "Credit and Surety General (added in Phase 1 of LOB Simplification)",
        "code": "CODE9"
      },
      {
        "id": 10,
        "name": "Financial Guarantee Business (added in Phase 1 of LOB Simplification)",
        "code": "CODE11"
      },
      {
        "id": 11,
        "name": "Infrastructure Finance (Project & Infrastructure Finance)",
        "code": "CODE12"
      },
      {
        "id": 12,
        "name": "Ship Finance (only for historical - Phase 1 of LOB Simplification)",
        "code": "CODE13"
      },
      {
        "id": 13,
        "name": "Stand Alone Political Risk",
        "code": "CODE14"
      },
      {
        "id": 14,
        "name": "Surety",
        "code": "CODE15"
      },
      {
        "id": 15,
        "name": "Trade Credit (formerly Commercial Credit - changed in 4.7 release)",
        "code": "CODE16"
      }
    ],
    "subLOB": [
      {
        "id": 1,
        "name": "All",
        "code": "CODE0"
      },
      {
        "id": 1,
        "name": "Bid Bonds",
        "code": "CODE1"
      },
      {
        "id": 2,
        "name": "Commodity Trade Finance",
        "code": "CODE2"
      },
      {
        "id": 3,
        "name": "Documentary Trade Finance",
        "code": "CODE3"
      },
      {
        "id": 4,
        "name": "Contract Bonds- General",
        "code": "CODE4"
      },
      {
        "id": 5,
        "name": "Fidelity Bonds",
        "code": "CODE5"
      },
      {
        "id": 6,
        "name": "Export Credit including Political Risk",
        "code": "CODE6"
      },
      {
        "id": 7,
        "name": "Commercial Bonds",
        "code": "CODE7"
      },
      {
        "id": 8,
        "name": "Instalment Credit",
        "code": "CODE8"
      }
    ],
    "transactionIndustry": [
      {
        "id": 1,
        "name": "All",
        "code": "CODE0"
      },
      {
        "id": 2,
        "name": "Sewage",
        "code": "CODE1"
      },
      {
        "id": 3,
        "name": "Manufactured goods",
        "code": "CODE2"
      },
      {
        "id": 4,
        "name": "Chemicals",
        "code": "CODE3"
      }
    ],
    "uwIncomingUW": [
      {
        "id": 1,
        "name": "All",
        "code": "CODE0"
      },
      {
        "id": 2,
        "name": "David Q",
        "code": "CODE1"
      },
      {
        "id": 3,
        "name": "Kuok Ming",
        "code": "CODE2"
      },
      {
        "id": 4,
        "name": "Sarah Gau",
        "code": "CODE3"
      },
      {
        "id": 5,
        "name": "Sarah Lin",
        "code": "CODE4"
      }
    ],
    "underwritingAssistant": [
      {
        "id": 1,
        "name": "All",
        "code": "CODE0"
      },
      {
        "id": 2,
        "name": "David Q",
        "code": "CODE1"
      },
      {
        "id": 3,
        "name": "Kuok Ming",
        "code": "CODE2"
      },
      {
        "id": 4,
        "name": "Sarah Gau",
        "code": "CODE3"
      },
      {
        "id": 5,
        "name": "Sarah Lin",
        "code": "CODE4"
      }
    ],
    "producingUnderwriter": [
      {
        "id": 1,
        "name": "All",
        "code": "CODE0"
      },
      {
        "id": 2,
        "name": "David Q",
        "code": "CODE1"
      },
      {
        "id": 3,
        "name": "Kuok Ming",
        "code": "CODE2"
      },
      {
        "id": 4,
        "name": "Sarah Gau",
        "code": "CODE3"
      },
      {
        "id": 5,
        "name": "Sarah Lin",
        "code": "CODE4"
      }
    ],
    "carrier": [
      {
        "id": 1,
        "name": "All",
        "code": "CODE0"
      },
      {
        "id": 2,
        "name": "Swiss Reinsurance Company, Singapore Branch",
        "code": "CODE1"
      },
      {
        "id": 3,
        "name": "Swiss Reinsurance Company, Kuala Lumpur Branch",
        "code": "CODE2"
      },
      {
        "id": 4,
        "name": "Swiss Reinsurance Company, Hong Kong Branch Swiss Re Division Asia",
        "code": "CODE3"
      },
      {
        "id": 5,
        "name": "Swiss Reinsurance Company, Rappresentanza per l'Italia",
        "code": "CODE4"
      },
      {
        "id": 6,
        "name": "Swiss Reinsurance Company Canadian Branch",
        "code": "CODE5"
      }
    ],
    "transactionType": [
      {
        "id": 1,
        "name": "All",
        "code": "CODE0"
      },
      {
        "id": 2,
        "name": "Facultative",
        "code": "CODE1"
      },
      {
        "id": 3,
        "name": "Special Acceptance",
        "code": "CODE2"
      },
      {
        "id": 4,
        "name": "Special Acceptance plus Facultative",
        "code": "CODE3"
      }
    ],
    "cpRating": [
      {
        "id": 1,
        "name": "All",
        "code": "CODE0"
      },
      {
        "id": 2,
        "name": "A",
        "code": "CODE1"
      },
      {
        "id": 3,
        "name": "AA",
        "code": "CODE2"
      },
      {
        "id": 4,
        "name": "B+",
        "code": "CODE3"
      }
    ],
    "customizeInitialFieldsDto": {
      "coinsuranceTransactions": [
        {
          "id": 1,
          "name": "All",
          "code": "CODE0"
        },
        {
          "id": 2,
          "name": "Swiss Reinsurance Company, Singapore Branch",
          "code": "CODE1"
        },
        {
          "id": 3,
          "name": "Swiss Reinsurance Company, Kuala Lumpur Branch",
          "code": "CODE2"
        },
        {
          "id": 4,
          "name": "Swiss Reinsurance Company, Hong Kong Branch Swiss Re Division Asia",
          "code": "CODE3"
        },
        {
          "id": 5,
          "name": "Swiss Reinsurance Company, Rappresentanza per l'Italia",
          "code": "CODE4"
        },
        {
          "id": 6,
          "name": "Swiss Reinsurance Company Canadian Branch",
          "code": "CODE5"
        }
      ],
      "jointVenture": [
        {
          "id": 1,
          "name": "All",
          "code": "CODE0"
        },
        {
          "id": 2,
          "name": "Swiss Reinsurance Company, Singapore Branch",
          "code": "CODE1"
        },
        {
          "id": 3,
          "name": "Swiss Reinsurance Company, Kuala Lumpur Branch",
          "code": "CODE2"
        },
        {
          "id": 4,
          "name": "Swiss Reinsurance Company, Hong Kong Branch Swiss Re Division Asia",
          "code": "CODE3"
        },
        {
          "id": 5,
          "name": "Swiss Reinsurance Company, Rappresentanza per l'Italia",
          "code": "CODE4"
        },
        {
          "id": 6,
          "name": "Swiss Reinsurance Company Canadian Branch",
          "code": "CODE5"
        }
      ],
      "indemnitors": [
        {
          "id": 1,
          "name": "All",
          "code": "CODE0"
        },
        {
          "id": 2,
          "name": "Swiss Reinsurance Company, Singapore Branch",
          "code": "CODE1"
        },
        {
          "id": 3,
          "name": "Swiss Reinsurance Company, Kuala Lumpur Branch",
          "code": "CODE2"
        },
        {
          "id": 4,
          "name": "Swiss Reinsurance Company, Hong Kong Branch Swiss Re Division Asia",
          "code": "CODE3"
        },
        {
          "id": 5,
          "name": "Swiss Reinsurance Company, Rappresentanza per l'Italia",
          "code": "CODE4"
        },
        {
          "id": 6,
          "name": "Swiss Reinsurance Company Canadian Branch",
          "code": "CODE5"
        }
      ],
      "stlFAC": [
        {
          "id": 1,
          "name": "All",
          "code": "CODE0"
        },
        {
          "id": 2,
          "name": "Swiss Reinsurance Company, Singapore Branch",
          "code": "CODE1"
        },
        {
          "id": 3,
          "name": "Swiss Reinsurance Company, Kuala Lumpur Branch",
          "code": "CODE2"
        },
        {
          "id": 4,
          "name": "Swiss Reinsurance Company, Hong Kong Branch Swiss Re Division Asia",
          "code": "CODE3"
        },
        {
          "id": 5,
          "name": "Swiss Reinsurance Company, Rappresentanza per l'Italia",
          "code": "CODE4"
        },
        {
          "id": 6,
          "name": "Swiss Reinsurance Company Canadian Branch",
          "code": "CODE5"
        }
      ],
      "singleRiskFacility": [
        {
          "id": 1,
          "name": "All",
          "code": "CODE0"
        },
        {
          "id": 2,
          "name": "Transaction Analyst",
          "code": "CODE1"
        },
        {
          "id": 3,
          "name": "Level 1",
          "code": "CODE2"
        },
        {
          "id": 4,
          "name": "Level 2",
          "code": "CODE3"
        },
        {
          "id": 5,
          "name": "Level 3",
          "code": "CODE4"
        },
        {
          "id": 6,
          "name": "Product Hub Head + Credit Risk Management",
          "code": "CODE5"
        }
      ],
      "typeOfBusiness": [
        {
          "id": 1,
          "name": "All",
          "code": "CODE0"
        },
        {
          "id": 2,
          "name": "Transaction Analyst",
          "code": "CODE1"
        },
        {
          "id": 3,
          "name": "Level 1",
          "code": "CODE2"
        },
        {
          "id": 4,
          "name": "Level 2",
          "code": "CODE3"
        },
        {
          "id": 5,
          "name": "Level 3",
          "code": "CODE4"
        },
        {
          "id": 6,
          "name": "Product Hub Head + Credit Risk Management",
          "code": "CODE5"
        }
      ],
      "costing": [
        {
          "id": 1,
          "name": "All",
          "code": "CODE0"
        },
        {
          "id": 2,
          "name": "Transaction Analyst",
          "code": "CODE1"
        },
        {
          "id": 3,
          "name": "Level 1",
          "code": "CODE2"
        },
        {
          "id": 4,
          "name": "Level 2",
          "code": "CODE3"
        },
        {
          "id": 5,
          "name": "Level 3",
          "code": "CODE4"
        },
        {
          "id": 6,
          "name": "Product Hub Head + Credit Risk Management",
          "code": "CODE5"
        }
      ],
      "productType": [
        {
          "id": 1,
          "name": "All",
          "code": "CODE0"
        },
        {
          "id": 2,
          "name": "Bank Guarantee",
          "code": "CODE1"
        },
        {
          "id": 3,
          "name": "Bank-to-Bank Facility (Non-Trade)",
          "code": "CODE2"
        },
        {
          "id": 4,
          "name": "Bank-to-Bank Facility (Trade)",
          "code": "CODE3"
        },
        {
          "id": 5,
          "name": "Borrowing Base Facility",
          "code": "CODE4"
        },
        {
          "id": 6,
          "name": "Completion Bonds (Non Recourse)",
          "code": "CODE5"
        },
        {
          "id": 7,
          "name": "Completion Bonds (Recourse)",
          "code": "CODE6"
        },
        {
          "id": 8,
          "name": "Corporate Finance (Non-Trade)",
          "code": "CODE7"
        },
        {
          "id": 9,
          "name": "Corporate Finance (Trade)",
          "code": "CODE8"
        }
      ],
      "projectName": [
        {
          "id": 1,
          "name": "All",
          "code": "CODE0"
        },
        {
          "id": 2,
          "name": "Transaction Analyst",
          "code": "CODE1"
        },
        {
          "id": 3,
          "name": "Level 1",
          "code": "CODE2"
        },
        {
          "id": 4,
          "name": "Level 2",
          "code": "CODE3"
        },
        {
          "id": 5,
          "name": "Level 3",
          "code": "CODE4"
        },
        {
          "id": 6,
          "name": "Product Hub Head + Credit Risk Management",
          "code": "CODE5"
        }
      ],
      "tracking": [
        {
          "id": 1,
          "name": "All",
          "code": "CODE0"
        },
        {
          "id": 2,
          "name": "Swiss Reinsurance Company, Singapore Branch",
          "code": "CODE1"
        },
        {
          "id": 3,
          "name": "Swiss Reinsurance Company, Kuala Lumpur Branch",
          "code": "CODE2"
        },
        {
          "id": 4,
          "name": "Swiss Reinsurance Company, Hong Kong Branch Swiss Re Division Asia",
          "code": "CODE3"
        },
        {
          "id": 5,
          "name": "Swiss Reinsurance Company, Rappresentanza per l'Italia",
          "code": "CODE4"
        },
        {
          "id": 6,
          "name": "Swiss Reinsurance Company Canadian Branch",
          "code": "CODE5"
        }
      ],
      "approvalLevel": [
        {
          "id": 1,
          "name": "All",
          "code": "CODE0"
        },
        {
          "id": 2,
          "name": "Transaction Analyst",
          "code": "CODE1"
        },
        {
          "id": 3,
          "name": "Level 1",
          "code": "CODE2"
        },
        {
          "id": 4,
          "name": "Level 2",
          "code": "CODE3"
        },
        {
          "id": 5,
          "name": "Level 3",
          "code": "CODE4"
        },
        {
          "id": 6,
          "name": "Product Hub Head + Credit Risk Management",
          "code": "CODE5"
        }
      ],
      "exceptionToUWPolicy": [
        {
          "id": 1,
          "name": "All",
          "code": "CODE0"
        },
        {
          "id": 2,
          "name": "Transaction Analyst",
          "code": "CODE1"
        },
        {
          "id": 3,
          "name": "Level 1",
          "code": "CODE2"
        },
        {
          "id": 4,
          "name": "Level 2",
          "code": "CODE3"
        },
        {
          "id": 5,
          "name": "Level 3",
          "code": "CODE4"
        },
        {
          "id": 6,
          "name": "Product Hub Head + Credit Risk Management",
          "code": "CODE5"
        }
      ],
      "accountingSystem": [
        {
          "id": 1,
          "name": "All",
          "code": "CODE0"
        },
        {
          "id": 2,
          "name": "Swiss Reinsurance Company, Singapore Branch",
          "code": "CODE1"
        },
        {
          "id": 3,
          "name": "Swiss Reinsurance Company, Kuala Lumpur Branch",
          "code": "CODE2"
        },
        {
          "id": 4,
          "name": "Swiss Reinsurance Company, Hong Kong Branch Swiss Re Division Asia",
          "code": "CODE3"
        },
        {
          "id": 5,
          "name": "Swiss Reinsurance Company, Rappresentanza per l'Italia",
          "code": "CODE4"
        },
        {
          "id": 6,
          "name": "Swiss Reinsurance Company Canadian Branch",
          "code": "CODE5"
        }
      ],
      "internationalTransaction": [
        {
          "id": 1,
          "name": "All",
          "code": "CODE0"
        },
        {
          "id": 2,
          "name": "Transaction Analyst",
          "code": "CODE1"
        },
        {
          "id": 3,
          "name": "Level 1",
          "code": "CODE2"
        },
        {
          "id": 4,
          "name": "Level 2",
          "code": "CODE3"
        },
        {
          "id": 5,
          "name": "Level 3",
          "code": "CODE4"
        },
        {
          "id": 6,
          "name": "Product Hub Head + Credit Risk Management",
          "code": "CODE5"
        }
      ],
      "renewedOnly": [
        {
          "id": 1,
          "name": "Swiss Reinsurance Company, Singapore Branch",
          "code": "CODE1"
        },
        {
          "id": 2,
          "name": "Transaction Analyst",
          "code": "CODE1"
        },
        {
          "id": 3,
          "name": "Level 1",
          "code": "CODE2"
        },
        {
          "id": 4,
          "name": "Level 2",
          "code": "CODE3"
        },
        {
          "id": 5,
          "name": "Level 3",
          "code": "CODE4"
        },
        {
          "id": 6,
          "name": "Product Hub Head + Credit Risk Management",
          "code": "CODE5"
        }
      ],
      "revolve": [
        {
          "id": 1,
          "name": "All",
          "code": "CODE0"
        },
        {
          "id": 2,
          "name": "Swiss Reinsurance Company, Singapore Branch",
          "code": "CODE1"
        },
        {
          "id": 3,
          "name": "Swiss Reinsurance Company, Kuala Lumpur Branch",
          "code": "CODE2"
        },
        {
          "id": 4,
          "name": "Swiss Reinsurance Company, Hong Kong Branch Swiss Re Division Asia",
          "code": "CODE3"
        },
        {
          "id": 5,
          "name": "Swiss Reinsurance Company, Rappresentanza per l'Italia",
          "code": "CODE4"
        },
        {
          "id": 6,
          "name": "Swiss Reinsurance Company Canadian Branch",
          "code": "CODE5"
        }
      ],
      "currency": [
        {
          "id": 1,
          "name": "All",
          "code": "CODE0"
        },
        {
          "id": 2,
          "name": "Swiss Reinsurance Company, Singapore Branch",
          "code": "CODE1"
        },
        {
          "id": 3,
          "name": "Swiss Reinsurance Company, Kuala Lumpur Branch",
          "code": "CODE2"
        },
        {
          "id": 4,
          "name": "Swiss Reinsurance Company, Hong Kong Branch Swiss Re Division Asia",
          "code": "CODE3"
        },
        {
          "id": 5,
          "name": "Swiss Reinsurance Company, Rappresentanza per l'Italia",
          "code": "CODE4"
        },
        {
          "id": 6,
          "name": "Swiss Reinsurance Company Canadian Branch",
          "code": "CODE5"
        }
      ],
      "swift": [
        {
          "id": 1,
          "name": "All",
          "code": "CODE0"
        },
        {
          "id": 2,
          "name": "Transaction Analyst",
          "code": "CODE1"
        },
        {
          "id": 3,
          "name": "Level 1",
          "code": "CODE2"
        },
        {
          "id": 4,
          "name": "Level 2",
          "code": "CODE3"
        },
        {
          "id": 5,
          "name": "Level 3",
          "code": "CODE4"
        },
        {
          "id": 6,
          "name": "Product Hub Head + Credit Risk Management",
          "code": "CODE5"
        }
      ],
      "countryOfRisk": [
        {
          "id": 1,
          "name": "All",
          "code": "CODE0"
        },
        {
          "id": 2,
          "name": "Transaction Analyst",
          "code": "CODE1"
        },
        {
          "id": 3,
          "name": "Level 1",
          "code": "CODE2"
        },
        {
          "id": 4,
          "name": "Level 2",
          "code": "CODE3"
        },
        {
          "id": 5,
          "name": "Level 3",
          "code": "CODE4"
        },
        {
          "id": 6,
          "name": "Product Hub Head + Credit Risk Management",
          "code": "CODE5"
        }
      ],
      "cpIndustry": [
        {
          "id": 1,
          "name": "All",
          "code": "CODE0"
        },
        {
          "id": 2,
          "name": "Swiss Reinsurance Company, Singapore Branch",
          "code": "CODE1"
        },
        {
          "id": 3,
          "name": "Swiss Reinsurance Company, Kuala Lumpur Branch",
          "code": "CODE2"
        },
        {
          "id": 4,
          "name": "Swiss Reinsurance Company, Hong Kong Branch Swiss Re Division Asia",
          "code": "CODE3"
        },
        {
          "id": 5,
          "name": "Swiss Reinsurance Company, Rappresentanza per l'Italia",
          "code": "CODE4"
        },
        {
          "id": 6,
          "name": "Swiss Reinsurance Company Canadian Branch",
          "code": "CODE5"
        }
      ],
      "suretyForBanks": [
        {
          "id": 1,
          "name": "All",
          "code": "CODE0"
        },
        {
          "id": 2,
          "name": "Surety for Banks only",
          "code": "CODE1"
        },
        {
          "id": 3,
          "name": "Excl. Surety for Banks",
          "code": "CODE2"
        }
      ]
    },
    "pageNo": 1,
    "pageSize": 10
  }