{
  "timestamp": 1626435410523,
  "status": 200,
  "data": [
    {
      "id": 1,
      "fieldKey": "CP_ID",
      "fieldName": "CP ID",
      "fieldType": "FREE_TEXT"
    },
    {
      "id": 2,
      "fieldKey": "PARENT_ID",
      "fieldName": "Parent ID",
      "fieldType": "FREE_TEXT"
    },
    {
      "id": 3,
      "fieldKey": "PARENT_NAME",
      "fieldName": "Parent Name",
      "fieldType": "FREE_TEXT"
    },
    {
      "id": 4,
      "fieldKey": "CLIENT_ID",
      "fieldName": "Client ID",
      "fieldType": "FREE_TEXT"
    },
    {
      "id": 5,
      "fieldKey": "BROKER_ID",
      "fieldName": "Broker ID",
      "fieldType": "FREE_TEXT"
    },
    {
      "id": 6,
      "fieldKey": "COINSURANCE_TXN",
      "fieldName": "Coinsurance transactions",
      "fieldType": "DROP_DOWN"
    },
    {
      "id": 7,
      "fieldKey": "JOINT_VENTURE",
      "fieldName": "Joint Venture",
      "fieldType": "CHECK_BOX"
    },
    {
      "id": 8,
      "fieldKey": "INDEMNITORS",
      "fieldName": "Indemnitors",
      "fieldType": "DROP_DOWN"
    },
    {
      "id": 9,
      "fieldKey": "STL_FAC",
      "fieldName": "STL/FAC",
      "fieldType": "DROP_DOWN"
    },
    {
      "id": 10,
      "fieldKey": "TYPE_FACILITY",
      "fieldName": "Type of Facility",
      "fieldType": "DROP_DOWN"
    },
    {
      "id": 11,
      "fieldKey": "TYPE_BUSINESS",
      "fieldName": "Type of Business",
      "fieldType": "DROP_DOWN"
    },
    {
      "id": 12,
      "fieldKey": "COSTING",
      "fieldName": "Costing",
      "fieldType": "DROP_DOWN"
    },
    {
      "id": 13,
      "fieldKey": "ODS_PID",
      "fieldName": "ODS-P ID",
      "fieldType": "FREE_TEXT"
    },
    {
      "id": 14,
      "fieldKey": "PRODUCT_TYPE",
      "fieldName": "Product Type",
      "fieldType": "DROP_DOWN"
    },
    {
      "id": 15,
      "fieldKey": "PRE_AMOUNT_FROM",
      "fieldName": "Premium Amount (from)",
      "fieldType": "FREE_TEXT"
    },
    {
      "id": 16,
      "fieldKey": "COV_AMOUNT_FROM",
      "fieldName": "Cover Amount (from)",
      "fieldType": "FREE_TEXT"
    },
    {
      "id": 17,
      "fieldKey": "EXP_FROM_DATE",
      "fieldName": "Expiration from date",
      "fieldType": "DATE_CONTROL"
    },
    {
      "id": 18,
      "fieldKey": "PROJECT_NAME",
      "fieldName": "Project Name",
      "fieldType": "DROP_DOWN"
    },
    {
      "id": 19,
      "fieldKey": "TRACKING",
      "fieldName": "Tracking",
      "fieldType": "DROP_DOWN"
    },
    {
      "id": 20,
      "fieldKey": "APPROVAL_LEVEL",
      "fieldName": "Approval Level",
      "fieldType": "DROP_DOWN"
    },
    {
      "id": 21,
      "fieldKey": "EXCEP_UW_POLICY",
      "fieldName": "Exception to UW Policy",
      "fieldType": "DROP_DOWN"
    },
    {
      "id": 22,
      "fieldKey": "ACC_SYSTEM",
      "fieldName": "Accounting System",
      "fieldType": "DROP_DOWN"
    },
    {
      "id": 23,
      "fieldKey": "INTER_TXN",
      "fieldName": "International Transaction",
      "fieldType": "DROP_DOWN"
    },
    {
      "id": 24,
      "fieldKey": "RENEWED_ONLY",
      "fieldName": "Renewed only",
      "fieldType": "DROP_DOWN"
    },
    {
      "id": 25,
      "fieldKey": "REVOLVE",
      "fieldName": "Revolve",
      "fieldType": "DROP_DOWN"
    },
    {
      "id": 26,
      "fieldKey": "PRE_AMOUNT_TO",
      "fieldName": "Premium Amount (to)",
      "fieldType": "FREE_TEXT"
    },
    {
      "id": 27,
      "fieldKey": "CURRENCY",
      "fieldName": "Currency",
      "fieldType": "DROP_DOWN"
    },
    {
      "id": 28,
      "fieldKey": "COVER_AMOUNT_TO",
      "fieldName": "Cover Amount (to)",
      "fieldType": "FREE_TEXT"
    },
    {
      "id": 29,
      "fieldKey": "INCEP_TO_DATE",
      "fieldName": "Inception to date",
      "fieldType": "FREE_TEXT"
    },
    {
      "id": 30,
      "fieldKey": "CLIENT_REF",
      "fieldName": "Client Reference",
      "fieldType": "FREE_TEXT"
    },
    {
      "id": 31,
      "fieldKey": "SWIFT",
      "fieldName": "SWIFT",
      "fieldType": "CHECK_BOX"
    },
    {
      "id": 32,
      "fieldKey": "COUNTRY_RISK",
      "fieldName": "Country of Risk",
      "fieldType": "DROP_DOWN"
    },
    {
      "id": 33,
      "fieldKey": "CP_IND",
      "fieldName": "CP Industry",
      "fieldType": "DROP_DOWN"
    },
    {
      "id": 34,
      "fieldKey": "SURETY_FOR_BANKS",
      "fieldName": "Surety for Banks",
      "fieldType": "DROP_DOWN"
    }
  ],
  "collection": true
}