{
    "createdBy": "Naveen Bhati",
    "createdTime": "2021-07-01T14:22:53.683Z",
    "firstName": "Naveen",
    "lastName": "Bhati",
    "modifiedBy": "Naveen Bhati",
    "modifiedTime": "2021-07-01T14:22:53.683Z",
    "userId": 0,
    "userName": "H12345K",
    "userPhoto": "",
    "userPreferencesMgmtDto": {
      "prefId": 100,
      "preferenceName": "SIEMENS ABCDE ",
      "preferenceStatus": "ACTIVE",
      "preferenceType": "MAIN",
      "userPreferencesDataDto": [
        {
          "prefDataId": 1000,
          "prefId": 1001,
          "prefKey": "TRANSACTION_ID",
          "prefOrderPosition": "",
          "prefValue": ""
        },
        {
          "prefDataId": 1000,
          "prefId": 1001,
          "prefKey": "ACCOUNT_ID",
          "prefOrderPosition": "",
          "prefValue": ""
        },
        {
          "prefDataId": 1000,
          "prefId": 1001,
          "prefKey": "CP_NAME",
          "prefOrderPosition": "",
          "prefValue": ""
        },
        {
          "prefDataId": 1000,
          "prefId": 1001,
          "prefKey": "COUNTRY",
          "prefOrderPosition": "1",
          "prefValue": "All"
        },
        {
          "prefDataId": 1000,
          "prefId": 1001,
          "prefKey": "RATING",
          "prefOrderPosition": "1",
          "prefValue": ""
        },
        {
          "prefDataId": 1000,
          "prefId": 1001,
          "prefKey": "MAIN_LOB",
          "prefOrderPosition": "1",
          "prefValue": "All"
        },
        {
          "prefDataId": 1000,
          "prefId": 1001,
          "prefKey": "SUB_LOB",
          "prefOrderPosition": "1",
          "prefValue": "All"
        },
        {
          "prefDataId": 1000,
          "prefId": 1001,
          "prefKey": "TRANSACTION_INDUSTRY",
          "prefOrderPosition": "1",
          "prefValue": "All"
        },
        {
          "prefDataId": 1000,
          "prefId": 1001,
          "prefKey": "CLIENT_NAME",
          "prefOrderPosition": "1",
          "prefValue": ""
        },
        {
          "prefDataId": 1000,
          "prefId": 1001,
          "prefKey": "BROKER_NAME",
          "prefOrderPosition": "1",
          "prefValue": "All"
        },
        {
          "prefDataId": 1000,
          "prefId": 1001,
          "prefKey": "TYPE_OF_TRANSACTION",
          "prefOrderPosition": "1",
          "prefValue": "All"
        },
        {
          "prefDataId": 1000,
          "prefId": 1001,
          "prefKey": "STATUS",
          "prefOrderPosition": "1",
          "prefValue": "All"
        },
        {
          "prefDataId": 1000,
          "prefId": 1001,
          "prefKey": "FROM_DATE",
          "prefOrderPosition": "1",
          "prefValue": ""
        },
        {
          "prefDataId": 1000,
          "prefId": 1001,
          "prefKey": "TO_DATE",
          "prefOrderPosition": "1",
          "prefValue": ""
        },
        {
          "prefDataId": 1000,
          "prefId": 1001,
          "prefKey": "CARRIER",
          "prefOrderPosition": "1",
          "prefValue": "All"
        },
        {
          "prefDataId": 1000,
          "prefId": 1001,
          "prefKey": "INCOMING_WRITER",
          "prefOrderPosition": "1",
          "prefValue": "All"
        },
        {
          "prefDataId": 1000,
          "prefId": 1001,
          "prefKey": "ASSISTANT",
          "prefOrderPosition": "1",
          "prefValue": "All"
        },
        {
          "prefDataId": 1000,
          "prefId": 1001,
          "prefKey": "PRODUCING_WRITER",
          "prefOrderPosition": "",
          "prefValue": "All"
        },
        {
          "prefDataId": 1000,
          "prefId": 1001,
          "prefKey": "SR_UNIT",
          "prefOrderPosition": "",
          "prefValue": ""
        },
        {
          "prefDataId": 1000,
          "prefId": 1001,
          "prefKey": "PRODUCT_ORG",
          "prefOrderPosition": "1",
          "prefValue": "All"
        }
        
      ],
      "userid": 0
    },
    "userRole": "string",
    "userStatus": "string"
  }